<?xml version="1.0" encoding="utf-8" standalone="yes" ?>
<Window size="800,600" sizebox="4,4,4,4" caption="0,0,0,32" mininfo="600,400">
<VerticalLayout name="VerticalLayoutUI1" bkcolor="#ff696969" >
    <HorizontalLayout height="32" bkcolor="#ffe6e6dc" bkcolor2="#ffaaaaa0">
        <Label name="Title" padding="2" text="test" />
        <VerticalLayout />
        <Button name="minbtn" width="50" text="min" />
        <Button name="maxbtn" width="50" text="max" />
        <Button name="closebtn" width="50" text="close" />
    </HorizontalLayout>
    <HorizontalLayout name="OptionsLayout"  height="30" padding="2,2,2,2" >
        <Option name="Option0" float="false" text="Tab0" width="60" height="30" textcolor="#FF1c1c1c" disabledtextcolor="#FFA7A6AA" align="center" leftbordersize="1" bordercolor="#ff000000"  selectedtextcolor="#ff96cdcd" group="switch" selected="true" />
        <Option name="Option1" float="false" text="Tab1" width="60" height="30" textcolor="#FF1c1c1c" disabledtextcolor="#FFA7A6AA" align="center" leftbordersize="1" bordercolor="#ff000000" selectedtextcolor="#ff96cdcd" group="switch" />
        <Button name="addNewOption" width="20" height="20" normalimage="add.png" padding="5,5,5,5"/>
    </HorizontalLayout>
    <TabLayout name="TabLayoutMain" selectedid="-1" topbordersize="1" bordercolor="#ff000000" padding="2,2,2,2" >
        <HorizontalLayout>
            <Label text="This is tab0." bkcolor="#FFFFFFFF"/>
        </HorizontalLayout>
        <HorizontalLayout>
            <Label text="This is tab1." />
        </HorizontalLayout>
    </TabLayout>
</VerticalLayout>
</Window>